Key,English,Filipino
DUASYLUM_WLD_000000,Ankou's Asylum,Ankou's Asylum
DUASYLUM_WLD_000001,Ankou's Cell,Ankou's Cell
DUCAVERN_WLD_000000,Leren Chasm (Instance Dungeon),Leren Chasm (Instance Dungeon)
DUHERNEOS_WLD_000000,Herneos (Dungeon),Herneos (Dungeon)
DUDADK_WLD_000000,Dekane Mine (Dungeon),Dekane Mine (Dungeon)
WORLD_DUFLMAS_DUFLMAS_RGN_000000,Mars Mine (Dungeon),Mars Mine (Dungeon)
DUGUARDIANE_WLD_000000,Guardiane Sanctuary (Instance Dungeon),Guardiane Sanctuary (Instance Dungeon)
DURUINS_WLD_000000,Rhisis Catacombs (Instance Dungeon),Rhisis Catacombs (Instance Dungeon)
DURUSTIA_WLD_000000,The Wilds,The Wilds
DUSATEMPLE_WLD_000000,Iblis Temple (Dungeon),Iblis Temple (Dungeon)
DUSTORM_WLD_000000,Storm Peak (Instance Dungeon),Storm Peak (Instance Dungeon)
DUUNDERWATER_WLD_000000,Envy Depths (Instance Dungeon),Envy Depths (Instance Dungeon)
DUVOLKANE_WLD_000000,Volkane,Volkane
DUVOLKANE_WLD_000001,Volkane (Dungeon),Volkane (Dungeon)
WDARENA_WLD_000000,Arena,Arena
WDARENA_WLD_000001,You can PvP in the Arena.,Maaari kang mag-PvP sa Arena.
WDARENA_WLD_000002,Training Center,Training Center
WDARENA_WLD_000003,Test your capabilities against dummies!,Test your capabilities against dummies!
WDARENA_WLD_000004,,
WDARENA_WLD_000005,,
WDARENA_WLD_000006,The Bronze Vagrant,The Bronze Vagrant
WDARENA_WLD_000007,The Bronze Elementor,The Bronze Elementor
WDARENA_WLD_000008,The Bronze Knight,The Bronze Knight
WDARENA_WLD_000009,The Bronze Psykeeper,The Bronze Psykeeper
WDARENA_WLD_000010,The Bronze Billposter,The Bronze Billposter
WDARENA_WLD_000011,The Bronze Blade,The Bronze Blade
WDARENA_WLD_000012,The Bronze Jester,The Bronze Jester
WDARENA_WLD_000013,The Bronze Ranger,The Bronze Ranger
WDARENA_WLD_000014,The Bronze Ringmaster,The Bronze Ringmaster
WDCOLOSSEUM_WLD_000001,The Colosseum,The Colosseum
WDCOLOSSEUM_WLD_000002,Colosseum Stadium,Colosseum Stadium
WDCOLOSSEUM_WLD_000003,The Cage of Clockworks,The Cage of Clockworks
WDCOLOSSEUM_WLD_000004,Clockworks was sealed here after the Clockworks War.,Ang Clockworks ay nakulong dito pagkatapos ng Clockworks War.
WDEVENT_WLD_000000,Duel Zone,Duel Zone
WORLD_WDGUILDWAR_WDGUILDWAR_RGN_000000,Prove yourself!\nShow them that you are the best!,Prove yourself!\nShow them that you are the best!
WDGUILDWARBIG_WLD_000000,Prove yourself!\nShow them that you are the best!,Prove yourself!\nShow them that you are the best!
WORLD_WDGUILDWAR_CAVERN_RGN_000000,Prove yourself!\nShow them that you are the best!,Prove yourself!\nShow them that you are the best!
WORLD_WDGUILDWAR_CORAL_RGN_000000,Prove yourself!\nShow them that you are the best!,Prove yourself!\nShow them that you are the best!
WORLD_WDGUILDWAR_GUARDIANE_RGN_000000,Prove yourself!\nShow them that you are the best!,Prove yourself!\nShow them that you are the best!
WORLD_WDGUILDWAR_KAILLUN_RGN_000000,Prove yourself!\nShow them that you are the best!,Prove yourself!\nShow them that you are the best!
WORLD_WDGUILDWAR_SNOW_RGN_000000,Prove yourself!\nShow them that you are the best!,Prove yourself!\nShow them that you are the best!
WORLD_WDGUILDWAR_UNDERWATER_RGN_000000,Prove yourself!\nShow them that you are the best!,Prove yourself!\nShow them that you are the best!
WORLD_WDGUILDWAR_VOLCANO_RGN_000000,Prove yourself!\nShow them that you are the best!,Prove yourself!\nShow them that you are the best!
WDKEBARAS_WLD_000000,Lodelight,Lodelight
WDKEBARAS_WLD_000001,This is a safe place.,Ito ay ligtas na lugar.
WORLD_WDKEBARAS_WDKEBARAS_RGN_000000,Kebaras,Kebaras
WORLD_WDKEBARAS_WDKEBARAS_RGN_000001,"Welcome to the town of Kebaras!\nLong ago, this place served as a prison for criminals...",Maligayang pagdating sa bayan ng Kebaras!\nAng lugar na ito ay kulungan ng mga kriminal noong unang panahon...
WDMADRIGAL_WLD_000000,Mysterious Castle,Mysterious Castle
WDMADRIGAL_WLD_000001,This place is not marked on the map. No one knows how to enter it...,This place is not marked on the map. No one knows how to enter it...
WDMADRIGAL_WLD_000002,Refuge of Middle Leren Mountains,Refuge of Middle Leren Mountains
WDMADRIGAL_WLD_000003,Line Flarine ↔ Saint City,Line Flarine ↔ Saint City
WDMADRIGAL_WLD_000004,Line Flarine ↔ Darkon 1,Line Flarine ↔ Darkon 1
WDMADRIGAL_WLD_000005,Line Flarine ↔ Mars Mine,Line Flarine ↔ Mars Mine
WDMADRIGAL_WLD_000006,Line Saint City ↔ Garden of Rhisis,Line Saint City ↔ Garden of Rhisis
WDMADRIGAL_WLD_000007,Line Saint City ↔ Fantasy Desert,Line Saint City ↔ Fantasy Desert
WDMADRIGAL_WLD_000008,Line Darkon 1 ↔ Darken,Line Darkon 1 ↔ Darken
WDMADRIGAL_WLD_000009,Line Darken ↔ Arians,Line Darken ↔ Arians
WDMADRIGAL_WLD_000010,Line Arians ↔ Guardiane,Line Arians ↔ Guardiane
WDMADRIGAL_WLD_000011,Line Arians ↔ Deadwallderness,Line Arians ↔ Deadwallderness
WDMADRIGAL_WLD_000012,Azria\nAbandoned Erons Factory,Azria\nInabandunang Pabrika ng Erons
WDMADRIGAL_WLD_000013,Azria\nVillage,Azria\nVillage
WDMADRIGAL_WLD_000014,Line Deadwallderness ↔ Azria,Line Deadwallderness ↔ Azria
WDMADRIGAL_WLD_000015,Storm Peak Entrance,Storm Peak Entrance
WDMADRIGAL_WLD_000017,Envy Depths Entrance,Envy Depths Entrance
WDMADRIGAL_WLD_000019,Guardiane Sanctuary Entrance,Guardiane Sanctuary Entrance
WDMADRIGAL_WLD_000021,Leren Chasm Entrance,Leren Chasm Entrance
WDMADRIGAL_WLD_000022,Wilds Entrance,Wilds Entrance
WDMADRIGAL_WLD_000023,Rhisis Catacombs,Guardiane Sanctuary
WDMADRIGAL_WLD_000024,This is a safe place.,This is a safe place.
WDMADRIGAL_WLD_000025,The Wilds Entrance,The Wilds Entrance
WDMADRIGAL_WLD_000026,Coral Village,Coral Village
WDMADRIGAL_WLD_000028,Coral Island,Coral Island
WDMADRIGAL_WLD_000029,Welcome to Coral!,Welcome to Coral!
WDMADRIGAL_WLD_000030,Red Sea,Red Sea
WDMADRIGAL_WLD_000032,Deep Sea,Deep Sea
WDMADRIGAL_WLD_000034,Swamp,Swamp
WDMADRIGAL_WLD_000035,Saint City Arena,Saint City Arena
WDMADRIGAL_WLD_000036,This place was famous long ago...,This place was famous long ago...
WDMADRIGAL_WLD_000037,Kaillun,Kaillun
WDMADRIGAL_WLD_000038,Welcome to Kaillun!,Welcome to Kaillun!
WDMADRIGAL_WLD_000039,Orbalune Port,Orbalune Port
WDMADRIGAL_WLD_000040,This is a safe place.,This is a safe place.
WDMADRIGAL_WLD_000041,Kaillun Grassland,Kaillun Grassland
WDMADRIGAL_WLD_000042,Dreknir Ridge,Dreknir Ridge
WDMADRIGAL_WLD_000043,Lionrath Falls,Lionrath Falls
WDMADRIGAL_WLD_000044,Velora Cliffs,Velora Cliffs
WDMADRIGAL_WLD_000045,Dreknir Forest,Dreknir Forest
WDMADRIGAL_WLD_000046,Ankou's Asylum Entrance,Ankou's Asylum Entrance
WDMADRIGAL_WLD_000047,This is a safe place.,This is a safe place.
WORLD_WDMADRIGAL_WDMADRIGAL_RGN_000000,Darkon 1\nErons Factory 2,Darkon 1\nPabrika ng Erons 2
WORLD_WDMADRIGAL_WDMADRIGAL_RGN_000001,Erons Factory 2. Used to produce Erons.,Pabrika ng Erons 2. Ginagamit upang gumawa ng Erons.
WORLD_WDMADRIGAL_WDMADRIGAL_RGN_000002,The Middle of Leren Mountains,The Middle of Leren Mountains
WORLD_WDMADRIGAL_WDMADRIGAL_RGN_000003,The middle district of Leren Mountains in Flaris.\nThere is Billeting Place of the High-Dwarpets and the Plain of Bubble.,The middle district of Leren Mountains in Flaris.\nIto'y tirahan ng mga High-Dwarpets at ang Plain of Bubble.
WORLD_WDMADRIGAL_WDMADRIGAL_RGN_000004,Flarine\nCentral Flarine,Flarine\nCentral Flarine
WORLD_WDMADRIGAL_WDMADRIGAL_RGN_000005,The main hub of activity for Flaris is in the middle of Flarine.\nThere is a station and a public office.\nThere are stores for armor and weapons.,Ang karamihan ng kaganapan sa Flaris ay nagaganap sa gitna ng Flarine.\nMayroon itong istasyon at public office.\nMayroon din itong tindahan para sa armor at weapons.
WORLD_WDMADRIGAL_WDMADRIGAL_RGN_000006,Flarine\nEastern Flarine,Flarine\nEastern Flarine
WORLD_WDMADRIGAL_WDMADRIGAL_RGN_000007,"The eastern part of Flarine.\nHere you can get food, magic materials, and job training.","Ang silangang gawi ng Flarine.\nDito ay pwede kang makakuha ng pagkain, magic materials, at job training."
WORLD_WDMADRIGAL_WDMADRIGAL_RGN_000008,Flarine\nNorthern Flarine,Flarine\nNorthern Flarine
WORLD_WDMADRIGAL_WDMADRIGAL_RGN_000009,The northern part of Flarine.\nThe Job Masters and Lodestar are here.,Ang hilagang gawi ng Flarine.\nAng Job Masters at Lodestar ay naririto.
WORLD_WDMADRIGAL_WDMADRIGAL_RGN_000010,Someone is watching you.,May nagmamasid sa iyo.
WORLD_WDMADRIGAL_WDMADRIGAL_RGN_000011,Plain of Bubble,Plain of Bubble
WORLD_WDMADRIGAL_WDMADRIGAL_RGN_000012,This area was created by the Clown God Bubble.,Itong lugar na ito ay ginawa ng Payasong Diyosa na si Bubble.
WORLD_WDMADRIGAL_WDMADRIGAL_RGN_000013,The South of Leren Mountains,Ang Timog ng Leren Mountains
WORLD_WDMADRIGAL_WDMADRIGAL_RGN_000014,The southern district of the Leren Mountains.,Ang timog na distrito ng Leren Mountains.
WORLD_WDMADRIGAL_WDMADRIGAL_RGN_000015,The Center for Guild Combat,The Center for Guild Combat
WORLD_WDMADRIGAL_WDMADRIGAL_RGN_000016,Guild combat is managed here.,Guild combat is managed here.
WORLD_WDMADRIGAL_WDMADRIGAL_RGN_000017,The South of Leren Mountains\nAltar of Dreadpet,Ang Timog ng Leren Mountains\nAltar ng Dreadpet
WORLD_WDMADRIGAL_WDMADRIGAL_RGN_000018,Dreadpet is kept here.\nHis keepers control great magic.,Ang Dreadpet ay nananatili dito.\nAng kanyang tagapagalaga ay malakas ang mahika.
WORLD_WDMADRIGAL_WDMADRIGAL_RGN_000019,Darkon 1\nErons Factory 1,Darkon 1\nPabrika ng Erons 1
WORLD_WDMADRIGAL_WDMADRIGAL_RGN_000020,The First Erons Factory.\nThis factory produces 80% of all Erons.,Ang unang Pabrika ng Erons.\nAng pabrikang ito ay gumagawa ng 80% ng lahat ng mga Erons.
WORLD_WDMADRIGAL_WDMADRIGAL_RGN_000021,Darkon\nAltar of Violet,Darkon\nAltar ng Violet
WORLD_WDMADRIGAL_WDMADRIGAL_RGN_000022,There is evidence here of a major event.,Mayroong ebidensiya dito ng isang malaking kaganapan.
WORLD_WDMADRIGAL_WDMADRIGAL_RGN_000023,The Middle of Leren Mountains,The Middle of Leren Mountains
WORLD_WDMADRIGAL_WDMADRIGAL_RGN_000024,The middle of the Leren Mountains.\nThere is Billeting Place of the High-Dwarpets and the Plain of Bubble.,Kalagitnaan ng Leren Mountains.\nDito ang tirahan ng mga High-Dwarpets at ang kapatagan ng Bula.
WORLD_WDMADRIGAL_WDMADRIGAL_RGN_000025,Billeting Place of High-Dwarpets,Tirahan ng High-Dwarpets
WORLD_WDMADRIGAL_WDMADRIGAL_RGN_000026,The High-Dwarpets have created Billeting place.\n A certain High-Dwapet once stored the Book of Technique here.,Ang High-Dwarpets ay gumawa ng tirahan.\nIsang High-Dwarpet ay minsang nagtago ng Libro ng Technique dito.
WORLD_WDMADRIGAL_WDMADRIGAL_RGN_000027,Northern River of Weeping,Hilagang Ilog ng Pag-iyak
WORLD_WDMADRIGAL_WDMADRIGAL_RGN_000028,Haunt of Nyangnyang,Haunt of Nyangnyang
WORLD_WDMADRIGAL_WDMADRIGAL_RGN_000029,Haunt of Nyangnyang.,Haunt of Nyangnyang.
WORLD_WDMADRIGAL_WDMADRIGAL_RGN_000030,The bridge was repaired!\n You used to have to jump across a gap.,Ang tulay ay nagawa na!\nDati'y tumatalon ikaw para makatawid sa gap.
WORLD_WDMADRIGAL_WDMADRIGAL_RGN_000031,Lodelight,Lodelight
WORLD_WDMADRIGAL_WDMADRIGAL_RGN_000032,This is a safe place.,Ito ay ligtas na lugar.
WORLD_WDMADRIGAL_WDMADRIGAL_RGN_000033,Madren Town,Madren Town
WORLD_WDMADRIGAL_WDMADRIGAL_RGN_000034,This is a small town for Demian.\nCast-off Demian live here.,Ito ay isang maliit na bayan para sa Demian.\nAng pinalayas na Demian ay nakatira sa bayan na ito.
WORLD_WDMADRIGAL_WDMADRIGAL_RGN_000035,Middle of River of Weeping,Gitna ng Ilog ng Pag-iyak
WORLD_WDMADRIGAL_WDMADRIGAL_RGN_000036,This river overflows when it rains every once in a while.\nHigh-Dwarpet can sometimes be seen bathing here.,Ang ilog na ito ay umaapaw pag umuulan paminsan-minsan.\nNaliligo dito minsan ang mga High-Dwarpet.
WORLD_WDMADRIGAL_WDMADRIGAL_RGN_000037,Madren Town\nAltar of Dreadpet,Madren Town\nAltar ng Dreadpet
WORLD_WDMADRIGAL_WDMADRIGAL_RGN_000038,Another place for controlling the Dreadpet.\nThere are supervisors here that use strong magic.,Isa pang lugar sa pag control ng mga Dreadpet.\nMayroong mga supervisor dito na gumagamit ng malakas na mahika.
WORLD_WDMADRIGAL_WDMADRIGAL_RGN_000039,Fountain of Dead Person,Fountain of Dead Person
WORLD_WDMADRIGAL_WDMADRIGAL_RGN_000040,"It is known that souls gather together in this place.\nAccording to tradition, the water in this place gives perennial youth and long life.","Nabatid na ang mga kaluluwa ay nagtitipon-tipon sa lugar na ito.\nAyon sa tradisyon, ang tubig sa lugar na ito ay nagbibigay ng pangmatagalang kabataan at mahabang buhay."
WORLD_WDMADRIGAL_WDMADRIGAL_RGN_000041,Northern Leren Mountains,Hilagang Kabundukan ng Leren
WORLD_WDMADRIGAL_WDMADRIGAL_RGN_000042,The northern district of the Leren Mountains.\nThe Mars Mine and the Fountain of Dead Person are here.,Ang hilagang distrito ng Leren Mountains.\nNarito na ang Mars Mine at Fountain of Dead Person.
WORLD_WDMADRIGAL_WDMADRIGAL_RGN_000043,Mars Mine,Mars Mine
WORLD_WDMADRIGAL_WDMADRIGAL_RGN_000044,"This Mine was found and developed by mining merchants long ago.\n However, the place is overrun with Masquerpets now.",Itong minahan na ito ay nahanap at pinaunlad ng mining merchants noon.\n Ngunit ngayon ay puno na itoo ng Masquerpets.
WORLD_WDMADRIGAL_WDMADRIGAL_RGN_000045,The residence of Ludviehill,Ang tirahan sa Ludviehill
WORLD_WDMADRIGAL_WDMADRIGAL_RGN_000046,The rich of Flaris live in Ludviehill.,Ang mayayaman ng Flaris ay nakatira sa Ludviehill.
WORLD_WDMADRIGAL_WDMADRIGAL_RGN_000049,Saint Tree,Saint Tree
WORLD_WDMADRIGAL_WDMADRIGAL_RGN_000050,Saint Tree is really old\n This tree is one of the symbols of Saint Morning.,Matanda na talaga ang Saint Tree\n Ang punong ito ay isa sa mga simbolo ng Saint Morning.
WORLD_WDMADRIGAL_WDMADRIGAL_RGN_000051,Saint Morning\nAltar of Violet,Saint Morning\nAltar ng Violet
WORLD_WDMADRIGAL_WDMADRIGAL_RGN_000052,"Here, as in other places, there is evidence of a major event.","Dito, tulad ng sa ibang mga lugar, mayroong katibayan ng isang malaking kaganapan."
WORLD_WDMADRIGAL_WDMADRIGAL_RGN_000053,Northern Hillid Mountains,Hilagang Hillid Mountains
WORLD_WDMADRIGAL_WDMADRIGAL_RGN_000054,The Northern district of the Hillid Mountains,Ang Hilagang distrito ng Hillid Mountains
WORLD_WDMADRIGAL_WDMADRIGAL_RGN_000055,Eastern River of Weeping,Silangang Ilog ng Pag-iyak
WORLD_WDMADRIGAL_WDMADRIGAL_RGN_000056,The Eastern part of the River of Weeping\nAltar of Dreadpet,Ang Silangang bahagi ng Ilog ng Pag-iyak\nAltar ng Dreadpet
WORLD_WDMADRIGAL_WDMADRIGAL_RGN_000057,Another Altar to the Dreadpet.\nThe magic of the Dreadpet tamers electrifies the air.,Isa pang Altar sa Dreadpet.\nAng mahika ng mga Dreadpet tamer ay nagpapakuryente sa hangin.
WORLD_WDMADRIGAL_WDMADRIGAL_RGN_000058,Saint Morning\nSaint Hall,Saint Morning\nSaint Hall
WORLD_WDMADRIGAL_WDMADRIGAL_RGN_000059,Saint Hall is the oldest building. It has been standing longer than anyone in town has been alive.\nPublic offices and the laboratory are located in this building.,Ang Saint Hall ang pinakamatandang gusali. Ito ay nakatayo nang mas matagal kaysa sinuman sa bayan na nabubuhay.\nAng mga pampublikong tanggapan at ang laboratoryo ay matatagpuan sa gusaling ito.
WORLD_WDMADRIGAL_WDMADRIGAL_RGN_000060,Saint Morning,Saint Morning
WORLD_WDMADRIGAL_WDMADRIGAL_RGN_000061,Saint Morning has gained independence from Flaris.\nThey have made a fortune from commerce.,Ang Saint Morning ay nakakuha ng kalayaan mula sa Flaris.\nGumawa sila ng malaking kayamanan mula sa komersiyo.
WORLD_WDMADRIGAL_WDMADRIGAL_RGN_000062,Saint Morning\nStation,Saint Morning\nStation
WORLD_WDMADRIGAL_WDMADRIGAL_RGN_000063,This is the biggest station on Madrigal.\nSaint Morning could become the center of commerce for Madrigal by using this station.,Ito ang pinakamalaking istasyon sa Madrigal.\nAng Saint Morning ay maaaring maging sentro ng komersyo ng Madrigal sa pamamagitan ng paggamit sa istasyong ito.
WORLD_WDMADRIGAL_WDMADRIGAL_RGN_000064,Saint Morning square,Saint Morning square
WORLD_WDMADRIGAL_WDMADRIGAL_RGN_000065,Saint Morning square is a local hang out.\nThere is lots of space to open stores.,Ang Saint Morning square ay lokal na tambayan.\nMayroong maraming espasyo upang magbukas ng mga tindahan.
WORLD_WDMADRIGAL_WDMADRIGAL_RGN_000066,Saint Morning\nThe Madrigal History Society.,Saint Morning\nThe Madrigal History Society.
WORLD_WDMADRIGAL_WDMADRIGAL_RGN_000067,Research in the History of Madrigal is being made here.,Ang pananaliksik sa Kasaysayan ng Madrigal ay ginagawa dito.
WORLD_WDMADRIGAL_WDMADRIGAL_RGN_000068,Flaris\nAltar of Violet,Flaris\nAltar ng Violet
WORLD_WDMADRIGAL_WDMADRIGAL_RGN_000069,"There is a certain smell in the air and stones litter the landscape, evidence of a major event.","May isang tiyak na amoy sa hangin at mga bato ay nagkakalat sa tanawin, katibayan ng isang malaking kaganapan."
WORLD_WDMADRIGAL_WDMADRIGAL_RGN_000070,The Garden of Rhisis,Ang Hardin ni Rhisis
WORLD_WDMADRIGAL_WDMADRIGAL_RGN_000071,The Garden of Rhisis.\nThis once used to be a beautiful place but was ruined in the war with Clockworks.,Ang Hardin ni Rhisis.\nDati itong magandang lugar ngunit nasira sa digmaan sa Clockworks.
WORLD_WDMADRIGAL_WDMADRIGAL_RGN_000072,Fantasy Desert,Disyerto ng Pantasya
WORLD_WDMADRIGAL_WDMADRIGAL_RGN_000073,"You can see stone pillars around the desert.\nAccording to rumor, there are temples that lie buried under this desert.","Makikita mo ang mga haliging bato sa paligid ng disyerto.\nAyon sa bulung-bulungan, may mga templong nakabaon sa ilalim ng disyerto na ito."
WORLD_WDMADRIGAL_WDMADRIGAL_RGN_000074,You can hear the sound of digging close by.,Maririnig mo ang tunog ng paghuhukay sa malapit.
WORLD_WDMADRIGAL_WDMADRIGAL_RGN_000075,The Entrance to Fantasy Desert,Ang Pasukan sa Disyerto ng Pantasya
WORLD_WDMADRIGAL_WDMADRIGAL_RGN_000076,"A desert with a lot of unknown, unexplained, buildings.","Isang disyerto na may maraming hindi alam, hindi maipaliwanag na mga gusali."
WORLD_WDMADRIGAL_WDMADRIGAL_RGN_000077,Southern Hillid Mountains,Kabundukan ng Timogang Hillid
WORLD_WDMADRIGAL_WDMADRIGAL_RGN_000078,The southern Hillid Mountains.\nThe Entrance to the Fantasy Desert and Plateau of Silence is here.,Ang timogang Hillid Mountains.\nNarito ang Pasukan sa Fantasy Desert at Plateau of Silence.
WORLD_WDMADRIGAL_WDMADRIGAL_RGN_000079,Plateau of Silence\nGravity Disorder Area,Talampas ng Katahimikan\nLugar ng Gravity Disorder
WORLD_WDMADRIGAL_WDMADRIGAL_RGN_000080,"It is impossible to fly in this area of Madrigal. According to a research group, gravity is stronger here than anywhere else in the world.","Imposibleng lumipad sa lugar na ito ng Madrigal. Ayon sa isang research group, mas malakas ang gravity dito kaysa saanman sa mundo."
WORLD_WDMADRIGAL_WDMADRIGAL_RGN_000081,Hill of Shade,Burol ni Shade
WORLD_WDMADRIGAL_WDMADRIGAL_RGN_000082,"Shade, the Clown Goddess was here.\nShe created this place in the time it takes to blink an eye.","Shade, andito ang Clown Goddess.\nNilikha niya ang lugar na ito sa oras na kinakailangan upang kumurap."
WORLD_WDMADRIGAL_WDMADRIGAL_RGN_000083,This is a safe place.,Ito ay isang ligtas na lugar. Ligtas ka sa mga kaaway.
WORLD_WDMADRIGAL_WDMADRIGAL_RGN_000084,Pumpkin Town\nThe Home of Mr. Pumpkin.,Pumpkin Town\nAng Tahanan ni Mr. Pumpkin.
WORLD_WDMADRIGAL_WDMADRIGAL_RGN_000085,"This town was made by people who dislike the city life of Saint Morning.\nHowever, this town was ruined because of an invasion of Mr. Pumpkins.","Ang bayang ito ay ginawa ng mga taong ayaw sa buhay lungsod ng Saint Morning.\nGayunpaman, ang bayang ito ay nasira dahil sa isang pagsalakay ng mga Mr. Pumpkin."
WORLD_WDMADRIGAL_WDMADRIGAL_RGN_000086,Central Hillid Mountains,Kabundukan ng Gitnang Hillid
WORLD_WDMADRIGAL_WDMADRIGAL_RGN_000087,The central area of the Hillid Mountains.,Ang gitnang lugar ng Hillid Mountains.
WORLD_WDMADRIGAL_WDMADRIGAL_RGN_000088,Darkon 3\nMagmient,Darkon 3\nMagmient
WORLD_WDMADRIGAL_WDMADRIGAL_RGN_000089,The molten terrain of Darkon 3 makes for hard travel.\nOrdinary people do not enter because of the danger.,Ang tunaw na lupain ng Darkon 3 ay nagiging gawa ng mahirap na paglalakbay.\nHindi pumapasok ang mga ordinaryong tao dahil sa panganib.
WORLD_WDMADRIGAL_WDMADRIGAL_RGN_000090,Altar of Jester,Altar ng Jester
WORLD_WDMADRIGAL_WDMADRIGAL_RGN_000091,This altar was made for admiring the glory of Jesters.\nA priest named Homeit is managing this altar.,Ang altar na ito ay ginawa para sa paghanga sa kaluwalhatian ng Jesters.\nIsang pari na nagngangalang Homeit ang namamahala sa altar na ito.
WORLD_WDMADRIGAL_WDMADRIGAL_RGN_000092,Darkon 3\nBrekin,Darkon 3\nBrekin
WORLD_WDMADRIGAL_WDMADRIGAL_RGN_000093,"This was an industrial area for refining Erons.\nHowever, this area was abandoned because of growing danger in the area.","Ito ay isang pang-industriyang lugar para sa pagdadalisay ng Erons.\nGayunpaman, ang lugar na ito ay inabandona dahil sa lumalaking panganib sa lugar."
WORLD_WDMADRIGAL_WDMADRIGAL_RGN_000094,Darkon 3\nArians,Darkon 3\nArians
WORLD_WDMADRIGAL_WDMADRIGAL_RGN_000095,This area consists of giant pools. This blue water dissolved Erons.,Ang lugar na ito ay binubuo ng mga higanteng lawa. Ang asul na tubig na ito ay nakakatunaw ng Erons.
WORLD_WDMADRIGAL_WDMADRIGAL_RGN_000096,Engisis Length,Engisis Length
WORLD_WDMADRIGAL_WDMADRIGAL_RGN_000097,"The largest, most mysterious tree in Madrigal.","Ang pinakamalaki, pinaka misteryosong puno sa Madrigal."
WORLD_WDMADRIGAL_WDMADRIGAL_RGN_000098,Darkon 3\nDeadwallderness,Darkon 3\nDeadwallderness
WORLD_WDMADRIGAL_WDMADRIGAL_RGN_000099,The wasteland of Darkon 3. Smoke rises from the ground that smells like dead things.,Ang kaparangan ng Darkon 3. Usok mula sa lupa na amoy patay.
WORLD_WDMADRIGAL_WDMADRIGAL_RGN_000100,Darkon 3\nAniceknight,Darkon 3\nAniceknight
WORLD_WDMADRIGAL_WDMADRIGAL_RGN_000101,The local plants have mutated and grown large.,Ang mga lokal na halaman ay nag-mutate at lumaki.
WORLD_WDMADRIGAL_WDMADRIGAL_RGN_000102,Darkon 3\nHouse of Laola,Darkon 3\nHouse of Laola
WORLD_WDMADRIGAL_WDMADRIGAL_RGN_000103,A mysterious aura has wrapped itself around the home of Laola,Isang misteryosong aura ang bumalot sa tahanan ni Laola
WORLD_WDMADRIGAL_WDMADRIGAL_RGN_000104,Altar of Ranger,Altar ng Ranger
WORLD_WDMADRIGAL_WDMADRIGAL_RGN_000105,This altar was made for admiring the glory of the Ranger.\nA priest named Rupim is managing this altar.,Ang altar na ito ay ginawa para sa paghanga sa kaluwalhatian ng Ranger.\nIsang pari na nagngangalang Rupim ang namamahala sa altar na ito.
WORLD_WDMADRIGAL_WDMADRIGAL_RGN_000106,Altar of Psykeeper,Altar ng Psykeeper
WORLD_WDMADRIGAL_WDMADRIGAL_RGN_000107,Place where the Soulstone of Psykeeper is kept.\nThe admirers of the hero Offerep\nmake a pilgrimage here every year.,Lugar kung saan nakalagay ang Soulstone ng Psykeeper.\nAng mga humahanga sa bayaning si Offerep\ngumawa ng peregrinasyon dito taun-taon.
WORLD_WDMADRIGAL_WDMADRIGAL_RGN_000108,Darkon 3\nWestern Cendil,Darkon 3\nWestern Cendil
WORLD_WDMADRIGAL_WDMADRIGAL_RGN_000109,The polluted river flows and corrupts the wildlife of the area.\nThings grow large and nasty in this area.,Ang maruming ilog ay dumadaloy at sinisira ang wildlife ng lugar.\nLumalaki at napakarumi ang mga bagay sa lugar na ito.
WORLD_WDMADRIGAL_WDMADRIGAL_RGN_000110,Darkon 3\nHeret,Darkon 3\nHeret
WORLD_WDMADRIGAL_WDMADRIGAL_RGN_000111,There is a blue glow to the air.\nThe creatures here survive by eating Erons and wandering travelers.\nYou can see the mutant tree Heldonose on the west end.\nThis tree produces Erons.,May asul na liwanag sa hangin.\nAng mga nilalang dito ay nabubuhay sa pamamagitan ng pagkain ng Erons at mga gumagala na manlalakbay.\nMakikita mo ang mutant tree na Heldonose sa kanlurang dulo.\nAng punong ito ay gumagawa ng mga Eron.
WORLD_WDMADRIGAL_WDMADRIGAL_RGN_000112,Darkon 3\nMiddle Cendil,Darkon 3\nMiddle Cendil
WORLD_WDMADRIGAL_WDMADRIGAL_RGN_000113,Unknown powerful energy exists in this district.\nNobody wants to know where the power came from.,Di-matukoy na malakas na enerhiya ang umiiral sa distritong ito.\nWalang sinumang gustong malaman kung saan nanggaling ang kapangyarihan.
WORLD_WDMADRIGAL_WDMADRIGAL_RGN_000114,Darkon 3\nEastern Cendil,Darkon 3\nEastern Cendil
WORLD_WDMADRIGAL_WDMADRIGAL_RGN_000115,Mileng is a holy place surrounded by giant trees shaped like mushrooms.,Mileng ay isang banal na lugar na napapaligiran ng mga higanteng puno na hugis tulad ng mga kabute.
WORLD_WDMADRIGAL_WDMADRIGAL_RGN_000116,Mileng,Mileng
WORLD_WDMADRIGAL_WDMADRIGAL_RGN_000117,Mileng is a holy place surrounded by giant trees shaped like mushrooms.\nThe Heroes of Madrigal won their first victory here.,Mileng ay isang banal na lugar na napapaligiran ng mga higanteng puno na hugis tulad ng mga kabute.\nAng mga Bayani ng Madrigal nanalo sa kanilang unang tagumpay dito.
WORLD_WDMADRIGAL_WDMADRIGAL_RGN_000118,Darkon 3\nGuardiane,Darkon 3\nGuardiane
WORLD_WDMADRIGAL_WDMADRIGAL_RGN_000119,This is a place of Guardians.\nThe final battle in the Hero War happened here\nAdventurers who wish to follow the will of heroes come here.,Ito ay isang lugar ng mga Tagapangalaga.\nAng huling labanan sa Digmaan ng Bayani ay nangyari dito\nDumating dito ang mga adventurer na gustong sumunod sa kalooban ng mga bayani.
WORLD_WDMADRIGAL_WDMADRIGAL_RGN_000120,Darkon 3\nRoom of Guardian,Darkon 3\nPuwang ng Tagapangalaga
WORLD_WDMADRIGAL_WDMADRIGAL_RGN_000121,There is a monster called Venel Guardian protecting the symbol of the wisdom of the heroes.,Mayroong isang halimaw na tinatawag na Venel Guardian na nagpoprotekta sa simbolo ng karunungan ng mga bayani.
WORLD_WDMADRIGAL_WDMADRIGAL_RGN_000122,Altar of Ringmaster,Altar ng Ringmaster
WORLD_WDMADRIGAL_WDMADRIGAL_RGN_000123,The place where the Soulstone of the Ringmaster is kept.\nThe admirers of the hero Aenn\nmake a pilgrimage here every year.,Ang lugar kung saan nakalagay ang Soulstone ng Ringmaster.\nAng mga humahanga sa bayaning si Aenn\ngumawa ng peregrinasyon dito taun-taon.
WORLD_WDMADRIGAL_WDMADRIGAL_RGN_000124,Altar of Elementor,Altar ng Elementor
WORLD_WDMADRIGAL_WDMADRIGAL_RGN_000125,The place where the Soulstone of the Elementor is kept.\nThe admirers of the hero Lillip\nmake a pilgrimage here every year.,Ang lugar kung saan nakalagay ang Soulstone ng Elementor.\nAng mga humahanga sa bayaning si Lillip\ngumawa ng peregrinasyon dito taun-taon.
WORLD_WDMADRIGAL_WDMADRIGAL_RGN_000126,Altar of Ranger,Altar ng Ranger
WORLD_WDMADRIGAL_WDMADRIGAL_RGN_000127,The place where the Soulstone of the Ranger is kept.\nThe admirers of the hero Hynan\nmake a pilgrimage here every year.,Ang lugar kung saan nakalagay ang Soulstone ng Ranger.\nAng mga humahanga sa bayaning si Hynan\ngumawa ng peregrinasyon dito taun-taon.
WORLD_WDMADRIGAL_WDMADRIGAL_RGN_000128,Altar of Billposter,Altar ng Billposter
WORLD_WDMADRIGAL_WDMADRIGAL_RGN_000129,The place where the Soulstone of the Billposter is kept.\nThe admirers of the hero Roentel\nmake a pilgrimage here every year.,Ang lugar kung saan nakalagay ang Soulstone ng Billposter.\nAng mga humahanga sa bayaning si Roentel\ngumawa ng peregrinasyon dito taun-taon.
WORLD_WDMADRIGAL_WDMADRIGAL_RGN_000130,Altar of Blade,Altar ng Blade
WORLD_WDMADRIGAL_WDMADRIGAL_RGN_000131,The place where the Soulstone of the Blade is kept.\nThe admirers of the hero Heren\nmake a pilgrimage here every year.,Ang lugar kung saan nakalagay ang Soulstone ng Blade.\nAng mga humahanga sa bayaning si Heren\ngumawa ng peregrinasyon dito taun-taon.
WORLD_WDMADRIGAL_WDMADRIGAL_RGN_000132,Altar of Knight,Altar ng Knight
WORLD_WDMADRIGAL_WDMADRIGAL_RGN_000133,The place where the Soulstone of the Knight is kept.\nThe admirers of the hero Billaon\nmake a pilgrimage  here every year.,Ang lugar kung saan nakalagay ang Soulstone ng Knight.\nAng mga humahanga sa bayaning si Billaon\ngumawa ng peregrinasyon  dito bawat taon.
WORLD_WDMADRIGAL_WDMADRIGAL_RGN_000134,Kyon Soldiers,Mga Sundalo ng Kyon
WORLD_WDMADRIGAL_WDMADRIGAL_RGN_000135,"The greatest soldiers in Madrigal.\nTheir numbers may not be very large,\nbut they are all highly-qualified warriors.","Ang pinakadakilang sundalo sa Madrigal.\nMaaaring hindi masyadong malaki ang kanilang mga bilang,\nngunit lahat sila ay mga highly-qualified na mandirigma."
WORLD_WDMADRIGAL_WDMADRIGAL_RGN_000136,Darkon 2\nDarken,Darkon 2\nDarken
WORLD_WDMADRIGAL_WDMADRIGAL_RGN_000137,Administrative City of Darkon.\nMost of the citizens are slightly hard of hearing\nbecause of the machine noise.,Administratibong Lungsod ng Darkon.\nKaramihan sa mga mamamayan ay medyo mahirap ang pandinig\ndahil sa ingay ng makina.
WORLD_WDMADRIGAL_WDMADRIGAL_RGN_000138,Darkon 2\nCave of Envy,Darkon 2\nKuweba ng Inggit
WORLD_WDMADRIGAL_WDMADRIGAL_RGN_000139,Artificial cave.\nThe area surrounding Darken became infested with Masquerpets\nafter the Clockworks War.,Artipisyal na kuweba.\nAng lugar sa paligid ng Darken ay napuno ng Masquerpets\npagkatapos ng Clockworks War.
WORLD_WDMADRIGAL_WDMADRIGAL_RGN_000140,Darkon 2\nCave of Envy,Darkon 2\nKuweba ng Inggit
WORLD_WDMADRIGAL_WDMADRIGAL_RGN_000141,Artificial cave.\nThe area surrounding Darken became infested with Masquerpets\nafter the Clockworks War.,Artipisyal na kuweba.\nAng lugar sa paligid ng Darken ay napuno ng Masquerpets\npagkatapos ng Clockworks War.
WORLD_WDMADRIGAL_WDMADRIGAL_RGN_000142,Darkon 2\nCave of Envy,Darkon 2\nKuweba ng Inggit
WORLD_WDMADRIGAL_WDMADRIGAL_RGN_000143,Artificial cave.\nThe area surrounding Darken became infested with Masquerpets\nafter the Clockworks War.,Artipisyal na kuweba.\nAng lugar sa paligid ng Darken ay napuno ng Masquerpets\npagkatapos ng Clockworks war.
WORLD_WDMADRIGAL_WDMADRIGAL_RGN_000144,Darkon 1\nKhipra,Darkon 1\nKhipra
WORLD_WDMADRIGAL_WDMADRIGAL_RGN_000145,The wildlife around this area was destroyed during\nthe construction of the nearby Erons Factory.,Ang wildlife sa paligid ng lugar na ito ay sinira ng mga developer\nna nagtatayo ng Parbika ng Erons sa malapit.
WORLD_WDMADRIGAL_WDMADRIGAL_RGN_000146,Darkon 1\nGouthan Mountains,Darkon 1\nKabundukan ng Gouthan
WORLD_WDMADRIGAL_WDMADRIGAL_RGN_000147,The biggest mountains in Darkon.,Ang pinakamalaking kabundukan sa Darkon.
WORLD_WDMADRIGAL_WDMADRIGAL_RGN_000148,Darkon 1\nGouthan Mountains,Darkon 1\nKabundukan ng Gouthan
WORLD_WDMADRIGAL_WDMADRIGAL_RGN_000149,The biggest mountains in Darkon.,Ang pinakamalaking kabundukan sa Darkon.
WORLD_WDMADRIGAL_WDMADRIGAL_RGN_000150,Darkon 1\nKhipra,Darkon 1\nKhipra
WORLD_WDMADRIGAL_WDMADRIGAL_RGN_000151,The wildlife around this area was destroyed during\nthe construction of the nearby Erons Factory.,Ang wildlife sa paligid ng lugar na ito ay sinira ng mga developer\nna nagtatayo ng Parbika ng Erons sa malapit.
WORLD_WDMADRIGAL_WDMADRIGAL_RGN_000152,Darkon 2\nThe Cage of Clockworks.,Darkon 2\nAng Kulungan ng Clockworks.
WORLD_WDMADRIGAL_WDMADRIGAL_RGN_000153,Clockworks was sealed here after the Clockworks War.,Ang Clockworks ay nakulong dito pagkatapos ng Clockworks War.
WORLD_WDMADRIGAL_WDMADRIGAL_RGN_000154,Flaris Observatory,Flaris Observatory
WORLD_WDMADRIGAL_WDMADRIGAL_RGN_000155,Lab of Wise-men,Lab ng Wise-men
WORLD_WDMADRIGAL_WDMADRIGAL_RGN_000156,Saint City\nAncient Document Office,Saint City\nAncient Document Office
WORLD_WDMADRIGAL_WDMADRIGAL_RGN_000157,Saint City\nLittle Theater of Pepoview,Saint City\nMunting Teatro ng Pepoview
WORLD_WDMADRIGAL_WDMADRIGAL_RGN_000158,Darkon 1\nHideout of Hanoyan,Darkon 1\nTaguan ni Hanoyan
WORLD_WDMADRIGAL_WDMADRIGAL_RGN_000159,Altar of Jester,Altar ng Jester
WORLD_WDMADRIGAL_WDMADRIGAL_RGN_000160,Darkon 3\nVillage of Kan,Darkon 3\nNayon ng Kan
WORLD_WDMADRIGAL_WDMADRIGAL_RGN_000161,Herneos,Herneos
WORLD_WDMADRIGAL_WDMADRIGAL_RGN_000162,"Herneos was a beautiful underwater haven with magnificent architecture.\n However, Shade's hand caused great disruption.","Herneos was a beautiful underwater haven with magnificent architecture.\n However, Shade's hand caused great disruption."
WORLD_WDMADRIGAL_WDMADRIGAL_RGN_000163,Eillun,Eillun
PROTOTYPE_WLD_000000,Prototype,Prototype
WDPROTOTYPE_WLD_000000,Unknown Place in Madrigal,Unknown Place in Madrigal
WDPROTOTYPE_WLD_000001,Only a Game Master can help you to leave.,Only a Game Master can help you to leave.
WDREALM_WLD_000000,This is a safe place.,Ito ay ligtas na lugar.
WDREALM_WLD_000001,This is a safe place.,Ito ay ligtas na lugar.
WDREALM_WLD_000002,This is a safe place.,Ito ay ligtas na lugar.
WORLD_WDEVENT01_WDEVENT01_RGN_000000,You enter a battle zone!!!,Pumasok ka sa pook ng labanan!!!
WDHEAVEN06_1_WLD_000003,Secret Room,Secret Room
